{
  "shapes" : [
    {
      "class" : "dia-node",
      "attrs" : "{\n  \"lockAspectRatio\" : false,\n  \"shape\" : \"beginOrEnd\",\n  \"position\" : \"{430, 90}\",\n  \"angle\" : 0,\n  \"size\" : \"{100, 70}\",\n  \"identifier\" : \"531D2877-687D-4651-9C75-8304BB1C10A3\",\n  \"tag\" : 0,\n  \"connectable\" : true,\n  \"isLocked\" : false,\n  \"visible\" : true,\n  \"isTemplate\" : false,\n  \"themeStyle\" : \"variant_2\",\n  \"value\" : \"start\",\n  \"privateStyle\" : {\n    \"textAlignment\" : 2,\n    \"font\" : \"Helvetica,14.0\",\n    \"textColor\" : \"#6388CAFF\"\n  },\n  \"isRelative\" : false\n}"
    },
    {
      "class" : "dia-node",
      "attrs" : "{\n  \"lockAspectRatio\" : false,\n  \"shape\" : \"subFlow\",\n  \"position\" : \"{430, 190}\",\n  \"angle\" : 0,\n  \"size\" : \"{100, 70}\",\n  \"identifier\" : \"842BC15E-C52D-43F6-A353-A33AE1417544\",\n  \"tag\" : 0,\n  \"connectable\" : true,\n  \"isLocked\" : false,\n  \"visible\" : true,\n  \"isTemplate\" : false,\n  \"themeStyle\" : \"variant_2\",\n  \"value\" : \"random\",\n  \"privateStyle\" : {\n    \"textAlignment\" : 2,\n    \"font\" : \"Helvetica,14.0\",\n    \"textColor\" : \"#6388CAFF\"\n  },\n  \"isRelative\" : false\n}"
    },
    {
      "class" : "dia-node",
      "attrs" : "{\n  \"lockAspectRatio\" : false,\n  \"shape\" : \"flow\",\n  \"position\" : \"{430, 290}\",\n  \"angle\" : 0,\n  \"size\" : \"{100, 70}\",\n  \"identifier\" : \"CBFA82D3-181F-4FAB-8905-24224AF7A419\",\n  \"tag\" : 0,\n  \"connectable\" : true,\n  \"isLocked\" : false,\n  \"visible\" : true,\n  \"isTemplate\" : false,\n  \"themeStyle\" : \"variant_2\",\n  \"value\" : \"var\",\n  \"privateStyle\" : {\n    \"textAlignment\" : 2,\n    \"font\" : \"Helvetica,14.0\",\n    \"textColor\" : \"#6388CAFF\"\n  },\n  \"isRelative\" : false\n}"
    },
    {
      "class" : "dia-node",
      "attrs" : "{\n  \"lockAspectRatio\" : false,\n  \"shape\" : \"data\",\n  \"position\" : \"{620, 175}\",\n  \"angle\" : 0,\n  \"size\" : \"{160, 70}\",\n  \"identifier\" : \"6996A2A5-26E1-4FE6-8C2C-69DBF22567E9\",\n  \"tag\" : 0,\n  \"connectable\" : true,\n  \"isLocked\" : false,\n  \"visible\" : true,\n  \"isTemplate\" : false,\n  \"themeStyle\" : \"variant_2\",\n  \"value\" : \"num= random 1,20\",\n  \"privateStyle\" : {\n    \"textAlignment\" : 2,\n    \"font\" : \"Helvetica,14.0\",\n    \"textColor\" : \"#6388CAFF\"\n  },\n  \"isRelative\" : false\n}"
    },
    {
      "class" : "dia-node",
      "attrs" : "{\n  \"lockAspectRatio\" : false,\n  \"shape\" : \"data\",\n  \"position\" : \"{610, 290}\",\n  \"angle\" : 0,\n  \"size\" : \"{160, 70}\",\n  \"identifier\" : \"5379A443-98CA-4C40-B930-CF0773FAFF36\",\n  \"tag\" : 0,\n  \"connectable\" : true,\n  \"isLocked\" : false,\n  \"visible\" : true,\n  \"isTemplate\" : false,\n  \"themeStyle\" : \"variant_2\",\n  \"value\" : \"flag= True\",\n  \"privateStyle\" : {\n    \"textAlignment\" : 2,\n    \"font\" : \"Helvetica,14.0\",\n    \"textColor\" : \"#6388CAFF\"\n  },\n  \"isRelative\" : false\n}"
    },
    {
      "class" : "dia-node",
      "attrs" : "{\n  \"lockAspectRatio\" : false,\n  \"shape\" : \"data\",\n  \"position\" : \"{600, 385}\",\n  \"angle\" : 0,\n  \"size\" : \"{160, 70}\",\n  \"identifier\" : \"0B0031C5-683E-49A1-BF3D-99BAC772D3F9\",\n  \"tag\" : 0,\n  \"connectable\" : true,\n  \"isLocked\" : false,\n  \"visible\" : true,\n  \"isTemplate\" : false,\n  \"themeStyle\" : \"variant_2\",\n  \"value\" : \"Guess = 0\",\n  \"privateStyle\" : {\n    \"textAlignment\" : 2,\n    \"font\" : \"Helvetica,14.0\",\n    \"textColor\" : \"#6388CAFF\"\n  },\n  \"isRelative\" : false\n}"
    },
    {
      "class" : "connector",
      "attrs" : "{\n  \"isRelative\" : false,\n  \"points\" : [\n\n  ],\n  \"shape\" : \"connector\",\n  \"targetPoint\" : \"{480, 190}\",\n  \"identifier\" : \"BB349315-AD40-4117-B513-69C90CFE3AFC\",\n  \"tag\" : 0,\n  \"isLocked\" : false,\n  \"visible\" : true,\n  \"themeStyle\" : \"edge_11\",\n  \"isTemplate\" : false,\n  \"privateStyle\" : {\n    \"crossStyle\" : \"round\"\n  },\n  \"exitPoint\" : {\n    \"offset\" : \"{0, 0}\",\n    \"direction\" : 0,\n    \"location\" : \"{0, -0.5}\"\n  },\n  \"sourcePoint\" : \"{480, 160}\",\n  \"entryPoint\" : {\n    \"offset\" : \"{0, 0}\",\n    \"direction\" : 0,\n    \"location\" : \"{0, 0.5}\"\n  }\n}"
    },
    {
      "class" : "connector",
      "attrs" : "{\n  \"isRelative\" : false,\n  \"points\" : [\n\n  ],\n  \"shape\" : \"connector\",\n  \"targetPoint\" : \"{480, 290}\",\n  \"identifier\" : \"9DCC9FDB-E18D-4B4A-B63D-A0E5767D1133\",\n  \"tag\" : 0,\n  \"isLocked\" : false,\n  \"visible\" : true,\n  \"themeStyle\" : \"edge_11\",\n  \"isTemplate\" : false,\n  \"privateStyle\" : {\n    \"crossStyle\" : \"round\"\n  },\n  \"exitPoint\" : {\n    \"offset\" : \"{0, 0}\",\n    \"direction\" : 0,\n    \"location\" : \"{0, -0.5}\"\n  },\n  \"sourcePoint\" : \"{480, 260}\",\n  \"entryPoint\" : {\n    \"offset\" : \"{0, 0}\",\n    \"direction\" : 0,\n    \"location\" : \"{0, 0.5}\"\n  }\n}"
    },
    {
      "class" : "connector",
      "attrs" : "{\n  \"isRelative\" : false,\n  \"points\" : [\n\n  ],\n  \"shape\" : \"connector\",\n  \"targetPoint\" : \"{638.19550298904278, 210}\",\n  \"identifier\" : \"C6F7EF21-6A4D-4D48-8E26-A28D7BCF4EE0\",\n  \"tag\" : 0,\n  \"isLocked\" : false,\n  \"visible\" : true,\n  \"themeStyle\" : \"edge_11\",\n  \"isTemplate\" : false,\n  \"privateStyle\" : {\n    \"crossStyle\" : \"round\"\n  },\n  \"exitPoint\" : {\n    \"offset\" : \"{0, 0}\",\n    \"direction\" : 0,\n    \"location\" : \"{-0.38627810631848281, 0}\"\n  },\n  \"sourcePoint\" : \"{530, 325}\",\n  \"entryPoint\" : {\n    \"offset\" : \"{0, 0}\",\n    \"direction\" : 0,\n    \"location\" : \"{0.5, 0}\"\n  }\n}"
    },
    {
      "class" : "connector",
      "attrs" : "{\n  \"isRelative\" : false,\n  \"points\" : [\n\n  ],\n  \"shape\" : \"connector\",\n  \"targetPoint\" : \"{634.92499999999995, 329.234375}\",\n  \"identifier\" : \"D30405A2-E37C-46AE-A842-EA64E64E2412\",\n  \"tag\" : 0,\n  \"isLocked\" : false,\n  \"visible\" : true,\n  \"themeStyle\" : \"edge_11\",\n  \"isTemplate\" : false,\n  \"privateStyle\" : {\n    \"crossStyle\" : \"round\"\n  },\n  \"exitPoint\" : {\n    \"offset\" : \"{0, 0}\",\n    \"direction\" : 0,\n    \"location\" : \"{-0.34421875000000002, 0.060491071428571429}\"\n  },\n  \"sourcePoint\" : \"{530, 325}\",\n  \"entryPoint\" : {\n    \"offset\" : \"{0, 0}\",\n    \"direction\" : 0,\n    \"location\" : \"{0.5, 0}\"\n  }\n}"
    },
    {
      "class" : "connector",
      "attrs" : "{\n  \"isRelative\" : false,\n  \"points\" : [\n\n  ],\n  \"shape\" : \"connector\",\n  \"targetPoint\" : \"{618.19550298904278, 420}\",\n  \"identifier\" : \"B0A19078-36D9-481B-8EE4-8BBCB0F475E3\",\n  \"tag\" : 0,\n  \"isLocked\" : false,\n  \"visible\" : true,\n  \"themeStyle\" : \"edge_11\",\n  \"isTemplate\" : false,\n  \"privateStyle\" : {\n    \"crossStyle\" : \"round\"\n  },\n  \"exitPoint\" : {\n    \"offset\" : \"{0, 0}\",\n    \"direction\" : 0,\n    \"location\" : \"{-0.38627810631848281, 0}\"\n  },\n  \"sourcePoint\" : \"{530, 325}\",\n  \"entryPoint\" : {\n    \"offset\" : \"{0, 0}\",\n    \"direction\" : 0,\n    \"location\" : \"{0.5, 0}\"\n  }\n}"
    },
    {
      "class" : "dia-node",
      "attrs" : "{\n  \"lockAspectRatio\" : false,\n  \"shape\" : \"present\",\n  \"position\" : \"{430, 395}\",\n  \"angle\" : 0,\n  \"size\" : \"{100, 70}\",\n  \"identifier\" : \"F50CB819-E190-40C3-93FB-FC7C5885FEC9\",\n  \"tag\" : 0,\n  \"connectable\" : true,\n  \"isLocked\" : false,\n  \"visible\" : true,\n  \"isTemplate\" : false,\n  \"themeStyle\" : \"variant_2\",\n  \"value\" : \"Guess my number 1-20\",\n  \"privateStyle\" : {\n    \"textAlignment\" : 2,\n    \"font\" : \"Helvetica,14.0\",\n    \"textColor\" : \"#6388CAFF\"\n  },\n  \"isRelative\" : false\n}"
    },
    {
      "class" : "connector",
      "attrs" : "{\n  \"isRelative\" : false,\n  \"points\" : [\n\n  ],\n  \"shape\" : \"connector\",\n  \"targetPoint\" : \"{430, 430}\",\n  \"identifier\" : \"417C2233-3270-4035-9154-D8FD984AA4B7\",\n  \"tag\" : 0,\n  \"isLocked\" : false,\n  \"visible\" : true,\n  \"themeStyle\" : \"edge_11\",\n  \"isTemplate\" : false,\n  \"privateStyle\" : {\n    \"crossStyle\" : \"round\"\n  },\n  \"exitPoint\" : {\n    \"offset\" : \"{0, 0}\",\n    \"direction\" : 0,\n    \"location\" : \"{-0.5, 0}\"\n  },\n  \"sourcePoint\" : \"{430, 430}\",\n  \"entryPoint\" : {\n    \"offset\" : \"{0, 0}\",\n    \"direction\" : 0,\n    \"location\" : \"{-0.5, 0}\"\n  }\n}"
    },
    {
      "class" : "connector",
      "attrs" : "{\n  \"isRelative\" : false,\n  \"points\" : [\n\n  ],\n  \"shape\" : \"connector\",\n  \"targetPoint\" : \"{480, 395}\",\n  \"identifier\" : \"CD3270C5-01B9-4AD8-9FA1-1CC0CD872F8E\",\n  \"tag\" : 0,\n  \"isLocked\" : false,\n  \"visible\" : true,\n  \"themeStyle\" : \"edge_11\",\n  \"isTemplate\" : false,\n  \"privateStyle\" : {\n    \"crossStyle\" : \"round\"\n  },\n  \"exitPoint\" : {\n    \"offset\" : \"{0, 0}\",\n    \"direction\" : 0,\n    \"location\" : \"{0, -0.5}\"\n  },\n  \"sourcePoint\" : \"{480, 360}\",\n  \"entryPoint\" : {\n    \"offset\" : \"{0, 0}\",\n    \"direction\" : 0,\n    \"location\" : \"{0, 0.5}\"\n  }\n}"
    },
    {
      "class" : "dia-node",
      "attrs" : "{\n  \"lockAspectRatio\" : false,\n  \"shape\" : \"decide\",\n  \"position\" : \"{430, 500}\",\n  \"angle\" : 0,\n  \"size\" : \"{100, 70}\",\n  \"identifier\" : \"010DEED0-69F2-49F1-AEF0-6B2423D9AC37\",\n  \"tag\" : 0,\n  \"connectable\" : true,\n  \"isLocked\" : false,\n  \"visible\" : true,\n  \"isTemplate\" : false,\n  \"themeStyle\" : \"variant_2\",\n  \"value\" : \"flag\",\n  \"privateStyle\" : {\n    \"textAlignment\" : 2,\n    \"font\" : \"Helvetica,14.0\",\n    \"textColor\" : \"#6388CAFF\"\n  },\n  \"isRelative\" : false\n}"
    },
    {
      "class" : "connector",
      "attrs" : "{\n  \"isRelative\" : false,\n  \"points\" : [\n\n  ],\n  \"shape\" : \"connector\",\n  \"targetPoint\" : \"{480, 500}\",\n  \"identifier\" : \"F5363515-5431-46C9-9DF0-D07D0F5C54DE\",\n  \"tag\" : 0,\n  \"isLocked\" : false,\n  \"visible\" : true,\n  \"themeStyle\" : \"edge_11\",\n  \"isTemplate\" : false,\n  \"privateStyle\" : {\n    \"crossStyle\" : \"round\"\n  },\n  \"exitPoint\" : {\n    \"offset\" : \"{0, 0}\",\n    \"direction\" : 0,\n    \"location\" : \"{0, -0.5}\"\n  },\n  \"sourcePoint\" : \"{480, 465}\",\n  \"entryPoint\" : {\n    \"offset\" : \"{0, 0}\",\n    \"direction\" : 0,\n    \"location\" : \"{0, 0.5}\"\n  }\n}"
    },
    {
      "class" : "connector",
      "attrs" : "{\n  \"isRelative\" : false,\n  \"points\" : [\n\n  ],\n  \"shape\" : \"connector\",\n  \"targetPoint\" : \"{349.59560374094406, 604.2494286867452}\",\n  \"identifier\" : \"3CEAF68B-1F28-4F05-856A-3E5E99A58124\",\n  \"tag\" : 0,\n  \"isLocked\" : false,\n  \"visible\" : true,\n  \"themeStyle\" : \"edge_11\",\n  \"isTemplate\" : false,\n  \"privateStyle\" : {\n    \"crossStyle\" : \"round\"\n  },\n  \"exitPoint\" : {\n    \"offset\" : \"{0, 0}\",\n    \"direction\" : 0,\n    \"location\" : \"{0.5, 0}\"\n  },\n  \"sourcePoint\" : \"{349.59560374094406, 604.2494286867452}\",\n  \"entryPoint\" : {\n    \"offset\" : \"{0, 0}\",\n    \"direction\" : 0,\n    \"location\" : \"{0, 0}\"\n  }\n}"
    },
    {
      "class" : "dia-node",
      "attrs" : "{\n  \"lockAspectRatio\" : false,\n  \"shape\" : \"decide\",\n  \"position\" : \"{260, 705}\",\n  \"angle\" : 0,\n  \"size\" : \"{100, 70}\",\n  \"identifier\" : \"D58FA2E6-79D4-4942-A4A4-68F4401C7789\",\n  \"tag\" : 0,\n  \"connectable\" : true,\n  \"isLocked\" : false,\n  \"visible\" : true,\n  \"isTemplate\" : false,\n  \"themeStyle\" : \"variant_2\",\n  \"value\" : \"if not _digit\",\n  \"privateStyle\" : {\n    \"textAlignment\" : 2,\n    \"font\" : \"Helvetica,14.0\",\n    \"textColor\" : \"#6388CAFF\"\n  },\n  \"isRelative\" : false\n}"
    },
    {
      "class" : "connector",
      "attrs" : "{\n  \"isRelative\" : false,\n  \"points\" : [\n\n  ],\n  \"shape\" : \"connector\",\n  \"targetPoint\" : \"{310, 705}\",\n  \"identifier\" : \"227C07F6-ECE8-4F38-B8D3-061A0C716E6B\",\n  \"tag\" : 0,\n  \"isLocked\" : false,\n  \"visible\" : true,\n  \"themeStyle\" : \"edge_11\",\n  \"isTemplate\" : false,\n  \"privateStyle\" : {\n    \"crossStyle\" : \"round\"\n  },\n  \"exitPoint\" : {\n    \"offset\" : \"{0, 0}\",\n    \"direction\" : 0,\n    \"location\" : \"{0, -0.5}\"\n  },\n  \"sourcePoint\" : \"{299, 671.18365096457671}\",\n  \"entryPoint\" : {\n    \"offset\" : \"{0, 0}\",\n    \"direction\" : 0,\n    \"location\" : \"{0, 0.5}\"\n  }\n}"
    },
    {
      "class" : "connector",
      "attrs" : "{\n  \"isRelative\" : false,\n  \"points\" : [\n\n  ],\n  \"shape\" : \"connector\",\n  \"targetPoint\" : \"{299, 610}\",\n  \"value\" : {\n    \"labels\" : [\n      {\n        \"string\" : \"true\",\n        \"offset\" : \"{0, 0}\",\n        \"position\" : 0.29359011067009189,\n        \"positionType\" : 0\n      }\n    ]\n  },\n  \"identifier\" : \"A87A8919-E862-46F5-B8F2-E9748ABF3D81\",\n  \"tag\" : 0,\n  \"isLocked\" : false,\n  \"visible\" : true,\n  \"privateStyle\" : {\n    \"textColor\" : \"#000000FF\",\n    \"textAlignment\" : 2,\n    \"textVerticalAlignment\" : 1,\n    \"textBackgroundColor\" : \"#FFFFFFFF\",\n    \"font\" : \"Helvetica,12.0\",\n    \"crossStyle\" : \"round\"\n  },\n  \"themeStyle\" : \"edge_11\",\n  \"isTemplate\" : false,\n  \"exitPoint\" : {\n    \"offset\" : \"{0, 0}\",\n    \"direction\" : 0,\n    \"location\" : \"{0, -0.37405215663681074}\"\n  },\n  \"sourcePoint\" : \"{430, 535}\",\n  \"entryPoint\" : {\n    \"offset\" : \"{0, 0}\",\n    \"direction\" : 0,\n    \"location\" : \"{-0.5, 0}\"\n  }\n}"
    },
    {
      "class" : "connector",
      "attrs" : "{\n  \"isRelative\" : false,\n  \"points\" : [\n\n  ],\n  \"shape\" : \"connector\",\n  \"targetPoint\" : \"{230, 850}\",\n  \"value\" : {\n    \"labels\" : [\n      {\n        \"string\" : \"no\",\n        \"offset\" : \"{0, 0}\",\n        \"position\" : 0.34480754887533643,\n        \"positionType\" : 0\n      }\n    ]\n  },\n  \"identifier\" : \"AD2DA07F-802A-4236-B9D7-67D8A6C33181\",\n  \"tag\" : 0,\n  \"isLocked\" : false,\n  \"visible\" : true,\n  \"privateStyle\" : {\n    \"textAlignment\" : 2,\n    \"textBackgroundColor\" : \"#FFFFFFFF\",\n    \"textVerticalAlignment\" : 1,\n    \"crossStyle\" : \"round\",\n    \"connectorMode\" : 2,\n    \"font\" : \"Helvetica,12.0\",\n    \"textColor\" : \"#000000FF\"\n  },\n  \"themeStyle\" : \"edge_11\",\n  \"isTemplate\" : false,\n  \"exitPoint\" : {\n    \"offset\" : \"{0, 0}\",\n    \"direction\" : 0,\n    \"location\" : \"{0.5, 0}\"\n  },\n  \"sourcePoint\" : \"{260, 740}\",\n  \"entryPoint\" : {\n    \"offset\" : \"{0, 0}\",\n    \"direction\" : 0,\n    \"location\" : \"{-0.5, 0}\"\n  }\n}"
    },
    {
      "class" : "connector",
      "attrs" : "{\n  \"isRelative\" : false,\n  \"points\" : [\n\n  ],\n  \"shape\" : \"connector\",\n  \"targetPoint\" : \"{249, 636.18365096457671}\",\n  \"identifier\" : \"7958D1C9-6DED-47D7-B561-45D3DCEC4EE0\",\n  \"tag\" : 0,\n  \"isLocked\" : false,\n  \"visible\" : true,\n  \"themeStyle\" : \"edge_11\",\n  \"isTemplate\" : false,\n  \"privateStyle\" : {\n    \"connectorMode\" : 2,\n    \"crossStyle\" : \"round\"\n  },\n  \"exitPoint\" : {\n    \"offset\" : \"{0, 0}\",\n    \"direction\" : 0,\n    \"location\" : \"{-0.5, 0}\"\n  },\n  \"sourcePoint\" : \"{130, 850}\",\n  \"entryPoint\" : {\n    \"offset\" : \"{0, 0}\",\n    \"direction\" : 0,\n    \"location\" : \"{-0.5, 0}\"\n  }\n}"
    },
    {
      "class" : "connector",
      "attrs" : "{\n  \"isRelative\" : false,\n  \"points\" : [\n    {\n      \"point\" : \"{394.140625, 740}\",\n      \"axis\" : 1\n    },\n    {\n      \"point\" : \"{428.28125, 784.0390625}\",\n      \"axis\" : 2\n    }\n  ],\n  \"shape\" : \"connector\",\n  \"targetPoint\" : \"{428.28125, 828.078125}\",\n  \"value\" : {\n    \"labels\" : [\n      {\n        \"string\" : \"yes\",\n        \"offset\" : \"{0, 0}\",\n        \"position\" : 0.50104143670476098,\n        \"positionType\" : 0\n      }\n    ]\n  },\n  \"identifier\" : \"8787F534-C8A2-4DE5-BE70-77C6B9DBA044\",\n  \"tag\" : 0,\n  \"isLocked\" : false,\n  \"visible\" : true,\n  \"privateStyle\" : {\n    \"textAlignment\" : 2,\n    \"textBackgroundColor\" : \"#FFFFFFFF\",\n    \"textVerticalAlignment\" : 1,\n    \"crossStyle\" : \"round\",\n    \"connectorMode\" : 2,\n    \"font\" : \"Helvetica,12.0\",\n    \"textColor\" : \"#000000FF\"\n  },\n  \"themeStyle\" : \"edge_11\",\n  \"isTemplate\" : false,\n  \"exitPoint\" : {\n    \"offset\" : \"{0, 0}\",\n    \"direction\" : 0,\n    \"location\" : \"{0, -0.5}\"\n  },\n  \"sourcePoint\" : \"{360, 740}\",\n  \"entryPoint\" : {\n    \"offset\" : \"{0, 0}\",\n    \"direction\" : 0,\n    \"location\" : \"{0.5, 0}\"\n  }\n}"
    },
    {
      "class" : "dia-node",
      "attrs" : "{\n  \"lockAspectRatio\" : false,\n  \"shape\" : \"input\",\n  \"position\" : \"{249, 601.18365096457671}\",\n  \"angle\" : 0,\n  \"size\" : \"{100, 70}\",\n  \"identifier\" : \"7B949402-51E1-4DF3-8443-EDB02A49D2A6\",\n  \"tag\" : 0,\n  \"connectable\" : true,\n  \"isLocked\" : false,\n  \"visible\" : true,\n  \"isTemplate\" : false,\n  \"themeStyle\" : \"variant_2\",\n  \"value\" : \"player puts in number\",\n  \"privateStyle\" : {\n    \"textAlignment\" : 2,\n    \"font\" : \"Helvetica,14.0\",\n    \"textColor\" : \"#6388CAFF\"\n  },\n  \"isRelative\" : false\n}"
    },
    {
      "class" : "dia-node",
      "attrs" : "{\n  \"lockAspectRatio\" : false,\n  \"shape\" : \"present\",\n  \"position\" : \"{130, 810}\",\n  \"angle\" : 0,\n  \"size\" : \"{100, 80}\",\n  \"identifier\" : \"B8F73050-B3A7-4D6C-92E0-76ADE7CADD67\",\n  \"tag\" : 0,\n  \"connectable\" : true,\n  \"isLocked\" : false,\n  \"visible\" : true,\n  \"isTemplate\" : false,\n  \"themeStyle\" : \"variant_2\",\n  \"value\" : \"to low try again \\\/ to high\",\n  \"privateStyle\" : {\n    \"textAlignment\" : 2,\n    \"font\" : \"Helvetica,14.0\",\n    \"textColor\" : \"#6388CAFF\"\n  },\n  \"isRelative\" : false\n}"
    },
    {
      "class" : "dia-node",
      "attrs" : "{\n  \"lockAspectRatio\" : false,\n  \"shape\" : \"present\",\n  \"position\" : \"{378.28125, 828.078125}\",\n  \"angle\" : 0,\n  \"size\" : \"{100, 70}\",\n  \"identifier\" : \"6CCE06C1-3EDC-4FAA-B610-44C535CE9818\",\n  \"tag\" : 0,\n  \"connectable\" : true,\n  \"isLocked\" : false,\n  \"visible\" : true,\n  \"isTemplate\" : false,\n  \"themeStyle\" : \"variant_2\",\n  \"value\" : \"correct\",\n  \"privateStyle\" : {\n    \"textAlignment\" : 2,\n    \"font\" : \"Helvetica,14.0\",\n    \"textColor\" : \"#6388CAFF\"\n  },\n  \"isRelative\" : false\n}"
    },
    {
      "class" : "dia-node",
      "attrs" : "{\n  \"lockAspectRatio\" : false,\n  \"shape\" : \"beginOrEnd\",\n  \"position\" : \"{600, 828.078125}\",\n  \"angle\" : 0,\n  \"size\" : \"{100, 70}\",\n  \"identifier\" : \"8D5BCEE3-34B2-4EF3-953C-849026D8E1F0\",\n  \"tag\" : 0,\n  \"connectable\" : true,\n  \"isLocked\" : false,\n  \"visible\" : true,\n  \"isTemplate\" : false,\n  \"themeStyle\" : \"variant_2\",\n  \"value\" : \"end\",\n  \"privateStyle\" : {\n    \"textAlignment\" : 2,\n    \"font\" : \"Helvetica,14.0\",\n    \"textColor\" : \"#6388CAFF\"\n  },\n  \"isRelative\" : false\n}"
    },
    {
      "class" : "connector",
      "attrs" : "{\n  \"isRelative\" : false,\n  \"points\" : [\n\n  ],\n  \"shape\" : \"connector\",\n  \"targetPoint\" : \"{700, 863.078125}\",\n  \"value\" : {\n    \"labels\" : [\n      {\n        \"string\" : \"false\",\n        \"offset\" : \"{0, 0}\",\n        \"position\" : 0.16826807900842117,\n        \"positionType\" : 0\n      }\n    ]\n  },\n  \"identifier\" : \"F9FC342C-B5A3-4478-A5C6-180CE6DAF349\",\n  \"tag\" : 0,\n  \"isLocked\" : false,\n  \"visible\" : true,\n  \"privateStyle\" : {\n    \"textColor\" : \"#000000FF\",\n    \"textAlignment\" : 2,\n    \"textVerticalAlignment\" : 1,\n    \"textBackgroundColor\" : \"#FFFFFFFF\",\n    \"font\" : \"Helvetica,12.0\",\n    \"crossStyle\" : \"round\"\n  },\n  \"themeStyle\" : \"edge_11\",\n  \"isTemplate\" : false,\n  \"exitPoint\" : {\n    \"offset\" : \"{0, 0}\",\n    \"direction\" : 0,\n    \"location\" : \"{0.5, 0}\"\n  },\n  \"sourcePoint\" : \"{530, 535}\",\n  \"entryPoint\" : {\n    \"offset\" : \"{0, 0}\",\n    \"direction\" : 0,\n    \"location\" : \"{0.5, 0}\"\n  }\n}"
    },
    {
      "class" : "connector",
      "attrs" : "{\n  \"isRelative\" : false,\n  \"points\" : [\n\n  ],\n  \"shape\" : \"connector\",\n  \"targetPoint\" : \"{470.5390625, 976.328125}\",\n  \"identifier\" : \"1336619A-A811-46F6-AEF7-88E34BE4A501\",\n  \"tag\" : 0,\n  \"isLocked\" : false,\n  \"visible\" : true,\n  \"themeStyle\" : \"edge_11\",\n  \"isTemplate\" : false,\n  \"privateStyle\" : {\n    \"crossStyle\" : \"round\"\n  },\n  \"exitPoint\" : {\n    \"offset\" : \"{0, 0}\",\n    \"direction\" : 0,\n    \"location\" : \"{0.5, 0}\"\n  },\n  \"sourcePoint\" : \"{478.28125, 863.078125}\",\n  \"entryPoint\" : {\n    \"offset\" : \"{0, 0}\",\n    \"direction\" : 0,\n    \"location\" : \"{0.5, 0}\"\n  }\n}"
    },
    {
      "class" : "dia-node",
      "attrs" : "{\n  \"lockAspectRatio\" : false,\n  \"shape\" : \"flow\",\n  \"position\" : \"{370.5390625, 941.328125}\",\n  \"angle\" : 0,\n  \"size\" : \"{100, 70}\",\n  \"identifier\" : \"2F6A2222-CAB1-4885-A97E-CD86E693DCDC\",\n  \"tag\" : 0,\n  \"connectable\" : true,\n  \"isLocked\" : false,\n  \"visible\" : true,\n  \"isTemplate\" : false,\n  \"themeStyle\" : \"variant_2\",\n  \"value\" : \"flag = false\",\n  \"privateStyle\" : {\n    \"textAlignment\" : 2,\n    \"font\" : \"Helvetica,14.0\",\n    \"textColor\" : \"#6388CAFF\"\n  },\n  \"isRelative\" : false\n}"
    },
    {
      "class" : "connector",
      "attrs" : "{\n  \"isRelative\" : false,\n  \"points\" : [\n\n  ],\n  \"shape\" : \"connector\",\n  \"targetPoint\" : \"{480, 570}\",\n  \"identifier\" : \"08A42DF7-A4CC-4014-B982-EF71ECC217A1\",\n  \"tag\" : 0,\n  \"isLocked\" : false,\n  \"visible\" : true,\n  \"themeStyle\" : \"edge_11\",\n  \"isTemplate\" : false,\n  \"privateStyle\" : {\n    \"crossStyle\" : \"round\"\n  },\n  \"exitPoint\" : {\n    \"offset\" : \"{0, 0}\",\n    \"direction\" : 0,\n    \"location\" : \"{0, 0.5}\"\n  },\n  \"sourcePoint\" : \"{420.5390625, 1011.328125}\",\n  \"entryPoint\" : {\n    \"offset\" : \"{0, 0}\",\n    \"direction\" : 0,\n    \"location\" : \"{0, 0.5}\"\n  }\n}"
    },
    {
      "class" : "dia-node",
      "attrs" : "{\n  \"lockAspectRatio\" : false,\n  \"shape\" : \"text\",\n  \"position\" : \"{72.390625, 64.0859375}\",\n  \"angle\" : 0,\n  \"size\" : \"{246.015625, 35.914062499999993}\",\n  \"identifier\" : \"EE3D3374-1BAE-4D5A-98C3-B58F00ED08F7\",\n  \"tag\" : 0,\n  \"connectable\" : true,\n  \"isLocked\" : false,\n  \"visible\" : true,\n  \"isTemplate\" : false,\n  \"themeStyle\" : \"style_11\",\n  \"value\" : \"#Guessing Game - Ismail AlAdl - 1.0\",\n  \"privateStyle\" : {\n    \"textColor\" : \"#7FAEFFFF\",\n    \"textAlignment\" : 2,\n    \"textVerticalAlignment\" : 0,\n    \"font\" : \"Helvetica,14.0\"\n  },\n  \"isRelative\" : false\n}"
    }
  ],
  "frame" : [
    [
      0,
      0
    ],
    [
      827,
      1169
    ]
  ],
  "terminals" : {
    "BB349315-AD40-4117-B513-69C90CFE3AFC" : [
      "531D2877-687D-4651-9C75-8304BB1C10A3",
      "842BC15E-C52D-43F6-A353-A33AE1417544"
    ],
    "7958D1C9-6DED-47D7-B561-45D3DCEC4EE0" : [
      "B8F73050-B3A7-4D6C-92E0-76ADE7CADD67",
      "7B949402-51E1-4DF3-8443-EDB02A49D2A6"
    ],
    "D30405A2-E37C-46AE-A842-EA64E64E2412" : [
      "CBFA82D3-181F-4FAB-8905-24224AF7A419",
      "5379A443-98CA-4C40-B930-CF0773FAFF36"
    ],
    "8787F534-C8A2-4DE5-BE70-77C6B9DBA044" : [
      "D58FA2E6-79D4-4942-A4A4-68F4401C7789",
      "6CCE06C1-3EDC-4FAA-B610-44C535CE9818"
    ],
    "417C2233-3270-4035-9154-D8FD984AA4B7" : [
      "F50CB819-E190-40C3-93FB-FC7C5885FEC9",
      "F50CB819-E190-40C3-93FB-FC7C5885FEC9"
    ],
    "CD3270C5-01B9-4AD8-9FA1-1CC0CD872F8E" : [
      "CBFA82D3-181F-4FAB-8905-24224AF7A419",
      "F50CB819-E190-40C3-93FB-FC7C5885FEC9"
    ],
    "227C07F6-ECE8-4F38-B8D3-061A0C716E6B" : [
      "7B949402-51E1-4DF3-8443-EDB02A49D2A6",
      "D58FA2E6-79D4-4942-A4A4-68F4401C7789"
    ],
    "08A42DF7-A4CC-4014-B982-EF71ECC217A1" : [
      "2F6A2222-CAB1-4885-A97E-CD86E693DCDC",
      "010DEED0-69F2-49F1-AEF0-6B2423D9AC37"
    ],
    "A87A8919-E862-46F5-B8F2-E9748ABF3D81" : [
      "010DEED0-69F2-49F1-AEF0-6B2423D9AC37",
      "7B949402-51E1-4DF3-8443-EDB02A49D2A6"
    ],
    "C6F7EF21-6A4D-4D48-8E26-A28D7BCF4EE0" : [
      "CBFA82D3-181F-4FAB-8905-24224AF7A419",
      "6996A2A5-26E1-4FE6-8C2C-69DBF22567E9"
    ],
    "B0A19078-36D9-481B-8EE4-8BBCB0F475E3" : [
      "CBFA82D3-181F-4FAB-8905-24224AF7A419",
      "0B0031C5-683E-49A1-BF3D-99BAC772D3F9"
    ],
    "F5363515-5431-46C9-9DF0-D07D0F5C54DE" : [
      "F50CB819-E190-40C3-93FB-FC7C5885FEC9",
      "010DEED0-69F2-49F1-AEF0-6B2423D9AC37"
    ],
    "AD2DA07F-802A-4236-B9D7-67D8A6C33181" : [
      "D58FA2E6-79D4-4942-A4A4-68F4401C7789",
      "B8F73050-B3A7-4D6C-92E0-76ADE7CADD67"
    ],
    "3CEAF68B-1F28-4F05-856A-3E5E99A58124" : [
      "null",
      "E2303007-7CDD-474E-ACEA-599D7D9A6687"
    ],
    "1336619A-A811-46F6-AEF7-88E34BE4A501" : [
      "6CCE06C1-3EDC-4FAA-B610-44C535CE9818",
      "2F6A2222-CAB1-4885-A97E-CD86E693DCDC"
    ],
    "F9FC342C-B5A3-4478-A5C6-180CE6DAF349" : [
      "010DEED0-69F2-49F1-AEF0-6B2423D9AC37",
      "8D5BCEE3-34B2-4EF3-953C-849026D8E1F0"
    ],
    "9DCC9FDB-E18D-4B4A-B63D-A0E5767D1133" : [
      "842BC15E-C52D-43F6-A353-A33AE1417544",
      "CBFA82D3-181F-4FAB-8905-24224AF7A419"
    ]
  },
  "design" : {
    "connectorPathStyle" : "rounded",
    "themeName" : "office",
    "paper" : {
      "rightMargin" : 20,
      "bottomMargin" : 20,
      "topMargin" : 20,
      "name" : "a4",
      "leftMargin" : 20,
      "ori" : true
    },
    "autoFrame" : true,
    "showPageMarker" : true
  },
  "showsGrids" : true,
  "version" : "100"
}